-- @Autores: López Santibáñez Jiménez, Luis Gerardo
--          Silva García, Carlos Sebastián
-- Fecha de creación: 09/06/2018
-- Descripción: Carga inicial

-- autores --

INSERT INTO "AUTOR" (EMPRESA,EMAIL,NOMBRE,AP_PATERNO,AP_MATERNO,OCUPACION) VALUES ('Vehicula Pellentesque Corporation','a@ultriciesligula.com','Samuel','Kasper','Britanney','973858 9721');
INSERT INTO "AUTOR" (EMPRESA,EMAIL,NOMBRE,AP_PATERNO,AP_MATERNO,OCUPACION) VALUES ('Cras LLC','penatibus.et.magnis@idrisusquis.co.uk','Maryam','Kasimir','Cyrus','017867 6623');
INSERT INTO "AUTOR" (EMPRESA,EMAIL,NOMBRE,AP_PATERNO,AP_MATERNO,OCUPACION) VALUES ('Ut Industries','tempor.arcu.Vestibulum@Donec.org','Macy','Branden','Hedda','565221 1607');
INSERT INTO "AUTOR" (EMPRESA,EMAIL,NOMBRE,AP_PATERNO,AP_MATERNO,OCUPACION) VALUES ('Dolor Donec Fringilla Limited','Aliquam@Mauris.com','Zena','Cole','Mari','646260 1136');
INSERT INTO "AUTOR" (EMPRESA,EMAIL,NOMBRE,AP_PATERNO,AP_MATERNO,OCUPACION) VALUES ('Sed Libero Proin Inc.','nibh.enim.gravida@parturientmontesnascetur.ca','Alyssa','Macaulay','Kasper','339817 8941');

-- EMPLEADOS REVISORES EDITORES--

INSERT INTO "EMPLEADO" (ES_EDITOR,ES_REVISOR,NOMBRE,AP_PATERNO,AP_MATERNO,EMAIL,FECHA_INGRESO) VALUES (1,0,'Omar','Dustin','Nelle','sapien.Aenean@egestas.net','03/NOV/2018');
INSERT INTO "EMPLEADO" (ES_EDITOR,ES_REVISOR,NOMBRE,AP_PATERNO,AP_MATERNO,EMAIL,FECHA_INGRESO) VALUES (1,1,'Driscoll','Holmes','Fiona','ut.dolor.dapibus@idiculusmus.co.uk','07/DEC/2018');
INSERT INTO "EMPLEADO" (ES_EDITOR,ES_REVISOR,NOMBRE,AP_PATERNO,AP_MATERNO,EMAIL,FECHA_INGRESO) VALUES (0,1,'Iris','Chaney','Geraldine','est.mauris@ridiculus.net','08/JAN/2017');
INSERT INTO "EMPLEADO" (ES_EDITOR,ES_REVISOR,NOMBRE,AP_PATERNO,AP_MATERNO,EMAIL,FECHA_INGRESO) VALUES (0,1,'Barry','Hedley','Fay','eleifend@quam.org','03/JAN/2018');
INSERT INTO "EMPLEADO" (ES_EDITOR,ES_REVISOR,NOMBRE,AP_PATERNO,AP_MATERNO,EMAIL,FECHA_INGRESO) VALUES (0,0,'Cora','Knox','Camille','convallis.erat.eget@Donec.co.uk','04/JAN/2018');

INSERT INTO "EDITOR" (EMPLEADO_ID,NUM_CEDULA,TITULO) VALUES (1,'313202797','Dr. En Filosofía');
INSERT INTO "EDITOR" (EMPLEADO_ID,NUM_CEDULA,TITULO) VALUES (2,'667378733','Periodista');

INSERT INTO "REVISOR" (EMPLEADO_ID,FECHA_FIN_CONTRATO,NUM_CONTRATO) VALUES (2,'18/JAN/2019','876789869');
INSERT INTO "REVISOR" (EMPLEADO_ID,FECHA_FIN_CONTRATO,NUM_CONTRATO) VALUES (3,'10/DEC/2020','876353625');
INSERT INTO "REVISOR" (EMPLEADO_ID,FECHA_FIN_CONTRATO,NUM_CONTRATO) VALUES (4,'10/NOV/2020','556355425');

--REVISTA--

INSERT INTO "REVISTA" (BIMESTRE,ANIO_PUBLICACION,NUM_COPIAS,TITULO) VALUES (1,2018,1000,'QUO');
INSERT INTO "REVISTA" (BIMESTRE,ANIO_PUBLICACION,NUM_COPIAS,TITULO) VALUES (3,2018,2500,'DIFICIL DE CREER');

-- SUSCRIPTOR --

INSERT INTO "SUSCRIPTOR" (VIGENCIA,FECHA_SUSCRIPCION,NOMBRE,AP_PATERNO,AP_MATERNO,EMAIL) VALUES ('18/DEC/2019','10/JAN/2019','Juan','Perez','Lopez','juan@gmail.com');
INSERT INTO "SUSCRIPTOR" (VIGENCIA,FECHA_SUSCRIPCION,NOMBRE,AP_PATERNO,AP_MATERNO,EMAIL) VALUES ('08/JAN/2019','07/JAN/2018','Rosa','Canales','Meza','meza@gmail.com');

-- AREA_INTERES --

INSERT INTO "AREA_INTERES" (CLAVE,DESCRIPCION) VALUES ('BD','Bases de Datos');
INSERT INTO "AREA_INTERES" (CLAVE,DESCRIPCION) VALUES ('PR','Programacion');
INSERT INTO "AREA_INTERES" (CLAVE,DESCRIPCION) VALUES ('AN','Analisis de SW');
INSERT INTO "AREA_INTERES" (CLAVE,DESCRIPCION) VALUES ('HW','Hardware');

-- AREA_INTERES_REVISOR --
INSERT INTO "AREA_INTERES_REVISOR" (ANIOS,EMPLEADO_ID, AREA_INTERES_ID) VALUES (2,2,1);
INSERT INTO "AREA_INTERES_REVISOR" (ANIOS,EMPLEADO_ID, AREA_INTERES_ID) VALUES (1,3,2);

-- STATUS_ARTICULO --
INSERT INTO "STATUS_ARTICULO" (STATUS_ARTICULO_ID,CLAVE,DESCRIPCION) VALUES (1,'RECIBIDO','Datos completos');
INSERT INTO "STATUS_ARTICULO" (STATUS_ARTICULO_ID,CLAVE,DESCRIPCION) VALUES (2,'REVISADO','Mas de 8 de prom');
INSERT INTO "STATUS_ARTICULO" (STATUS_ARTICULO_ID,CLAVE,DESCRIPCION) VALUES (3,'RECHAZADO','No cumple requisitos');
INSERT INTO "STATUS_ARTICULO" (STATUS_ARTICULO_ID,CLAVE,DESCRIPCION) VALUES (4,'PROGRAMADO','Sera publicado');
INSERT INTO "STATUS_ARTICULO" (STATUS_ARTICULO_ID,CLAVE,DESCRIPCION) VALUES (5,'PUBLICADO','Ha sido publicado');



-- ARTICULO --
INSERT INTO "ARTICULO" (FOLIO,TITULO, STATUS_ARTICULO_ID, AREA_INTERES_ID, SINOPSIS) VALUES ('O72pt8tUvuqtB3DpMN','PL/SQL',4,1,'sinpsis1231');
INSERT INTO "ARTICULO_PDF"(ARTICULO_PDF_ID, NUM_ARCHIVO, ARTICULO_ID) VALUES ( PDF_NUM_ARCHIVO_SEQ.NEXTAL, PDF_NUM_ARCHIVO_SEQ.CURRVAL, 1); 

INSERT INTO "ARTICULO" (FOLIO,TITULO, STATUS_ARTICULO_ID, AREA_INTERES_ID, SINOPSIS) VALUES ('rHPPZ390OFTDVm4X3v','Python para principiantes',2,1,'sinpsis1231');
INSERT INTO "ARTICULO_PDF"(ARTICULO_PDF_ID, NUM_ARCHIVO, ARTICULO_ID) VALUES (PDF_NUM_ARCHIVO_SEQ.NEXTAL, PDF_NUM_ARCHIVO_SEQ.CURRVAL, 2); 

INSERT INTO "ARTICULO" (FOLIO,TITULO, STATUS_ARTICULO_ID, AREA_INTERES_ID, SINOPSIS) VALUES ('DJ1FqVitjFJZslDWzt','C++ vs Go',5,1,'sinpsis1231');
INSERT INTO "ARTICULO_PDF"(ARTICULO_PDF_ID, NUM_ARCHIVO, ARTICULO_ID) VALUES (PDF_NUM_ARCHIVO_SEQ.NEXTAL, PDF_NUM_ARCHIVO_SEQ.CURRVAL, 3); 

--INSERT INTO "ARTICULO" (FOLIO,TITULO, SINOPSIS, FECHA_STATUS, STATUS_ARTICULO_ID, AREA_INTERES_ID) VALUES (1,3,2);

-- ARTICULO_AUTOR --
INSERT INTO "ARTICULO_AUTOR" (ARTICULO_ID,AUTOR_ID) VALUES (1,1);
INSERT INTO "ARTICULO_AUTOR" (ARTICULO_ID,AUTOR_ID) VALUES (1,2);
INSERT INTO "ARTICULO_AUTOR" (ARTICULO_ID,AUTOR_ID) VALUES (1,3);

INSERT INTO "ARTICULO_AUTOR" (ARTICULO_ID,AUTOR_ID) VALUES (2,1);
INSERT INTO "ARTICULO_AUTOR" (ARTICULO_ID,AUTOR_ID) VALUES (2,2);
INSERT INTO "ARTICULO_AUTOR" (ARTICULO_ID,AUTOR_ID) VALUES (3,3);


-- ARTICULO_PDF -- 
  INSERT INTO ARTICULO_PDF(ARTIC)
--pendiente


-- ARTICULO_REVISOR --
INSERT INTO "ARTICULO_REVISOR" (CALIFICACION,ARTICULO_ID, EMPLEADO_ID) VALUES (10,1,2);
INSERT INTO "ARTICULO_REVISOR" (CALIFICACION,ARTICULO_ID, EMPLEADO_ID) VALUES (9,1,3);
INSERT INTO "ARTICULO_REVISOR" (CALIFICACION,ARTICULO_ID, EMPLEADO_ID) VALUES (8,1,4);

INSERT INTO "ARTICULO_REVISOR" (CALIFICACION,ARTICULO_ID, EMPLEADO_ID) VALUES (9,2,2);
INSERT INTO "ARTICULO_REVISOR" (CALIFICACION,ARTICULO_ID, EMPLEADO_ID) VALUES (9,2,3);
INSERT INTO "ARTICULO_REVISOR" (CALIFICACION,ARTICULO_ID, EMPLEADO_ID) VALUES (9,2,4);

INSERT INTO "ARTICULO_REVISOR" (CALIFICACION,ARTICULO_ID, EMPLEADO_ID) VALUES (10,3,2);
INSERT INTO "ARTICULO_REVISOR" (CALIFICACION,ARTICULO_ID, EMPLEADO_ID) VALUES (9,3,3);
INSERT INTO "ARTICULO_REVISOR" (CALIFICACION,ARTICULO_ID, EMPLEADO_ID) VALUES (9,3,4);


-- ARTICULO_REVISTA --

INSERT INTO "ARTICULO_REVISTA" (NUM_PAG,ARTICULO_ID, REVISTA_ID) VALUES (1,1,1);
INSERT INTO "ARTICULO_REVISTA" (NUM_PAG,ARTICULO_ID, REVISTA_ID) VALUES (2,3,1);
--INSERT INTO "ARTICULO_REVISTA" (NUM_PAG,ARTICULO_ID, REVISTA_ID) VALUES (9,4);

-- ARTICULO_STATUS_HISTORICO --
INSERT INTO "ARTICULO_STATUS_HISTORICO" (FECHA,ARTICULO_ID, STATUS_ARTICULO_ID) VALUES ('18/DEC/2018',1,1);
INSERT INTO "ARTICULO_STATUS_HISTORICO" (FECHA,ARTICULO_ID, STATUS_ARTICULO_ID) VALUES ('19/DEC/2018',1,2);
INSERT INTO "ARTICULO_STATUS_HISTORICO" (FECHA,ARTICULO_ID, STATUS_ARTICULO_ID) VALUES ('20/DEC/2018',1,4);

INSERT INTO "ARTICULO_STATUS_HISTORICO" (FECHA,ARTICULO_ID, STATUS_ARTICULO_ID) VALUES ('18/DEC/2018',3,1);
INSERT INTO "ARTICULO_STATUS_HISTORICO" (FECHA,ARTICULO_ID, STATUS_ARTICULO_ID) VALUES ('19/DEC/2018',3,2);
INSERT INTO "ARTICULO_STATUS_HISTORICO" (FECHA,ARTICULO_ID, STATUS_ARTICULO_ID) VALUES ('20/DEC/2018',3,4);
INSERT INTO "ARTICULO_STATUS_HISTORICO" (FECHA,ARTICULO_ID, STATUS_ARTICULO_ID) VALUES ('30/DEC/2018',3,5);


-- SUSCRIPTOR_REVISTA --
INSERT INTO "SUSCRIPTOR_REVISTA" (FECHA_INICIO,DIRECCION,SUSCRIPTOR_ID,REVISTA_ID) VALUES ('18/JAN/2019','WeWork Varsovia',1,1);
INSERT INTO "SUSCRIPTOR_REVISTA" (FECHA_INICIO,DIRECCION,SUSCRIPTOR_ID,REVISTA_ID) VALUES ('18/JAN/2019','WeWork Santa Fe',2,1);



